{"cameraMode":{"drawMode":0,"name":"Shaded","section":"Shading Mode"},"sceneLighting":false,"audioPlay":false,"sceneViewState":{"showFog":true,"showMaterialUpdate":false,"showSkybox":true,"showFlares":true,"showImageEffects":true,"showParticleSystems":true},"in2DMode":false,"pivot":{"x":19.135826110839845,"y":-0.25422048568725588,"z":17.614580154418947},"rotation":{"x":-0.150986909866333,"y":0.7395151853561401,"z":-0.17640239000320435,"w":-0.6319774389266968},"size":9.44618034362793,"orthographic":false}