{"cameraMode":{"drawMode":0,"name":"Shaded","section":"Shading Mode"},"sceneLighting":false,"audioPlay":false,"sceneViewState":{"showFog":true,"showMaterialUpdate":false,"showSkybox":true,"showFlares":true,"showImageEffects":true,"showParticleSystems":true},"in2DMode":false,"pivot":{"x":8.267448425292969,"y":-2.7898786067962648,"z":2.618155002593994},"rotation":{"x":-0.15738165378570558,"y":-0.5820521116256714,"z":0.1160566583275795,"w":-0.7893083095550537},"size":11.671928405761719,"orthographic":false}