{"cameraMode":{"drawMode":0,"name":"Shaded","section":"Shading Mode"},"sceneLighting":false,"audioPlay":false,"sceneViewState":{"showFog":true,"showMaterialUpdate":false,"showSkybox":true,"showFlares":true,"showImageEffects":true,"showParticleSystems":true},"in2DMode":false,"pivot":{"x":-7.903602123260498,"y":-1.0203827619552613,"z":-1.66415536403656},"rotation":{"x":-0.07828443497419357,"y":0.7655931115150452,"z":-0.09487305581569672,"w":-0.6314833760261536},"size":11.671928405761719,"orthographic":false}